dataset,avg_q_len,avg_a_len
FinanceBench,161.09333333333333,78.18666666666667
FiQA,61.49763636363636,2663.416181818182
